Type,Name,Request Count,Failure Count,Median Response Time,Average Response Time,Min Response Time,Max Response Time,Average Content Size,Requests/s,Failures/s,50%,66%,75%,80%,90%,95%,98%,99%,99.9%,99.99%,100%
POST,/default/app_lambda_250/,6198,0,94,109.51000974088258,67.31495899975926,799.9817499999153,17.0,1.6202218735298555,0.0,94,100,110,110,150,190,260,310,530,800,800
,Aggregated,6198,0,94,109.51000974088258,67.31495899975926,799.9817499999153,17.0,1.6202218735298555,0.0,94,100,110,110,150,190,260,310,530,800,800
