Type,Name,Request Count,Failure Count,Median Response Time,Average Response Time,Min Response Time,Max Response Time,Average Content Size,Requests/s,Failures/s,50%,66%,75%,80%,90%,95%,98%,99%,99.9%,99.99%,100%
POST,/default/app_lambda_image/,18211,0,73,84.27200370133511,57.9219169994758,4992.116041999907,17.0,1.6809687068793369,0.0,73,77,81,85,110,150,200,260,480,800,5000
,Aggregated,18211,0,73,84.27200370133511,57.9219169994758,4992.116041999907,17.0,1.6809687068793369,0.0,73,77,81,85,110,150,200,260,480,800,5000
