Type,Name,Request Count,Failure Count,Median Response Time,Average Response Time,Min Response Time,Max Response Time,Average Content Size,Requests/s,Failures/s,50%,66%,75%,80%,90%,95%,98%,99%,99.9%,99.99%,100%
POST,/default/app_lambda_image/,31,0,160.0,315.1323709033306,123.35925000024872,2994.1001250000027,17.0,0.004299503348502805,0.0,160,160,380,380,430,850,3000,3000,3000,3000,3000
,Aggregated,31,0,160.0,315.1323709033306,123.35925000024872,2994.1001250000027,17.0,0.004299503348502805,0.0,160,160,380,380,430,850,3000,3000,3000,3000,3000
