Type,Name,Request Count,Failure Count,Median Response Time,Average Response Time,Min Response Time,Max Response Time,Average Content Size,Requests/s,Failures/s,50%,66%,75%,80%,90%,95%,98%,99%,99.9%,99.99%,100%
POST,/default/app_lambda_250/,674,0,76,92.29252281899305,62.03579200007425,5050.3675,17.0,0.9101094914883978,0.0,76,78,81,84,100,140,210,250,5100,5100,5100
,Aggregated,674,0,76,92.29252281899305,62.03579200007425,5050.3675,17.0,0.9101094914883978,0.0,76,78,81,84,100,140,210,250,5100,5100,5100
