Type,Name,Request Count,Failure Count,Median Response Time,Average Response Time,Min Response Time,Max Response Time,Average Content Size,Requests/s,Failures/s,50%,66%,75%,80%,90%,95%,98%,99%,99.9%,99.99%,100%
POST,/default/app_lambda_250/,539,0,140.0,662.8818749091002,103.61416700106929,13892.97470800011,17.0,0.01651125551864205,0.0,140,150,160,180,2200,4900,6600,7000,14000,14000,14000
,Aggregated,539,0,140.0,662.8818749091002,103.61416700106929,13892.97470800011,17.0,0.01651125551864205,0.0,140,150,160,180,2200,4900,6600,7000,14000,14000,14000
