Type,Name,Request Count,Failure Count,Median Response Time,Average Response Time,Min Response Time,Max Response Time,Average Content Size,Requests/s,Failures/s,50%,66%,75%,80%,90%,95%,98%,99%,99.9%,99.99%,100%
POST,/default/app_lambda_image_second/,710,0,86,135.14463266760558,61.33016699993732,1780.8100829999917,17.0,0.876383562913912,0.0,86,100,130,150,250,400,550,690,1800,1800,1800
,Aggregated,710,0,86,135.14463266760558,61.33016699993732,1780.8100829999917,17.0,0.876383562913912,0.0,86,100,130,150,250,400,550,690,1800,1800,1800
