Type,Name,Request Count,Failure Count,Median Response Time,Average Response Time,Min Response Time,Max Response Time,Average Content Size,Requests/s,Failures/s,50%,66%,75%,80%,90%,95%,98%,99%,99.9%,99.99%,100%
POST,/default/app_lambda_image/,700,0,74,85.26920951142819,63.60254200001236,2187.901832999998,17.0,0.9154293678589831,0.0,74,76,77,79,84,100,190,310,2200,2200,2200
,Aggregated,700,0,74,85.26920951142819,63.60254200001236,2187.901832999998,17.0,0.9154293678589831,0.0,74,76,77,79,84,100,190,310,2200,2200,2200
