Type,Name,Request Count,Failure Count,Median Response Time,Average Response Time,Min Response Time,Max Response Time,Average Content Size,Requests/s,Failures/s,50%,66%,75%,80%,90%,95%,98%,99%,99.9%,99.99%,100%
POST,/default/app_lambda_image/,5415,2,95,110.55173600128839,68.70908300015799,21010.643625000284,17.000369344413667,1.236796378468763,0.00045680383322945997,95,100,110,110,130,170,230,290,660,21000,21000
,Aggregated,5415,2,95,110.55173600128839,68.70908300015799,21010.643625000284,17.000369344413667,1.236796378468763,0.00045680383322945997,95,100,110,110,130,170,230,290,660,21000,21000
