Type,Name,Request Count,Failure Count,Median Response Time,Average Response Time,Min Response Time,Max Response Time,Average Content Size,Requests/s,Failures/s,50%,66%,75%,80%,90%,95%,98%,99%,99.9%,99.99%,100%
POST,/default/app_lambda_250/,124,0,140.0,197.02687668550124,115.60699999972712,6235.320625,17.0,0.016743797505560938,0.0,140,140,150,150,170,240,270,610,6200,6200,6200
,Aggregated,124,0,140.0,197.02687668550124,115.60699999972712,6235.320625,17.0,0.016743797505560938,0.0,140,140,150,150,170,240,270,610,6200,6200,6200
