Type,Name,Request Count,Failure Count,Median Response Time,Average Response Time,Min Response Time,Max Response Time,Average Content Size,Requests/s,Failures/s,50%,66%,75%,80%,90%,95%,98%,99%,99.9%,99.99%,100%
POST,/default/app_lambda_image/,847,0,75,83.17068034946882,62.888874999998734,630.8439160000034,17.0,0.9173934270820029,0.0,75,77,79,81,95,130,180,230,630,630,630
,Aggregated,847,0,75,83.17068034946882,62.888874999998734,630.8439160000034,17.0,0.9173934270820029,0.0,75,77,79,81,95,130,180,230,630,630,630
