Type,Name,Request Count,Failure Count,Median Response Time,Average Response Time,Min Response Time,Max Response Time,Average Content Size,Requests/s,Failures/s,50%,66%,75%,80%,90%,95%,98%,99%,99.9%,99.99%,100%
POST,/default/app_lambda_image/,123,0,110.0,148.05676221947243,75.4908339999929,1889.033292000022,17.0,0.01675825725985057,0.0,110,110,130,150,190,260,600,840,1900,1900,1900
,Aggregated,123,0,110.0,148.05676221947243,75.4908339999929,1889.033292000022,17.0,0.01675825725985057,0.0,110,110,130,150,190,260,600,840,1900,1900,1900
