Type,Name,Request Count,Failure Count,Median Response Time,Average Response Time,Min Response Time,Max Response Time,Average Content Size,Requests/s,Failures/s,50%,66%,75%,80%,90%,95%,98%,99%,99.9%,99.99%,100%
POST,/default/app_lambda_250/,31,0,150.0,314.9548306451694,138.88983300000746,5133.822957999996,17.0,0.0042994321287539855,0.0,150,160,160,170,170,170,5100,5100,5100,5100,5100
,Aggregated,31,0,150.0,314.9548306451694,138.88983300000746,5133.822957999996,17.0,0.0042994321287539855,0.0,150,160,160,170,170,170,5100,5100,5100,5100,5100
