Type,Name,Request Count,Failure Count,Median Response Time,Average Response Time,Min Response Time,Max Response Time,Average Content Size,Requests/s,Failures/s,50%,66%,75%,80%,90%,95%,98%,99%,99.9%,99.99%,100%
POST,/default/app_lambda_image/,5167,0,94,103.92110099535651,70.66466600008425,742.6059590000023,17.0,1.6346246453622433,0.0,94,100,110,110,120,150,200,260,460,740,740
,Aggregated,5167,0,94,103.92110099535651,70.66466600008425,742.6059590000023,17.0,1.6346246453622433,0.0,94,100,110,110,120,150,200,260,460,740,740
