Type,Name,Request Count,Failure Count,Median Response Time,Average Response Time,Min Response Time,Max Response Time,Average Content Size,Requests/s,Failures/s,50%,66%,75%,80%,90%,95%,98%,99%,99.9%,99.99%,100%
POST,/default/app_lambda_image/,540,0,150.0,504.4308048722647,104.11062500133994,7274.44425000067,17.0,0.016554579911667283,0.0,150,160,160,170,830,3500,5300,6000,7300,7300,7300
,Aggregated,540,0,150.0,504.4308048722647,104.11062500133994,7274.44425000067,17.0,0.016554579911667283,0.0,150,160,160,170,830,3500,5300,6000,7300,7300,7300
