Type,Name,Request Count,Failure Count,Median Response Time,Average Response Time,Min Response Time,Max Response Time,Average Content Size,Requests/s,Failures/s,50%,66%,75%,80%,90%,95%,98%,99%,99.9%,99.99%,100%
POST,/default/app_lambda_image/,5586,0,140.0,494.35257380755394,94.52966599974388,7265.114040999833,17.0,0.6656437918776118,0.0,140,150,170,200,940,3300,5300,6400,7200,7300,7300
,Aggregated,5586,0,140.0,494.35257380755394,94.52966599974388,7265.114040999833,17.0,0.6656437918776118,0.0,140,150,170,200,940,3300,5300,6400,7200,7300,7300
